<?xml version="1.0" encoding="UTF-8"?>
<project-private xmlns="http://www.netbeans.org/ns/project-private/1">
    <editor-bookmarks xmlns="http://www.netbeans.org/ns/editor-bookmarks/2" lastBookmarkId="0"/>
    <open-files xmlns="http://www.netbeans.org/ns/projectui-open-files/2">
        <group>
            <file>file:/C:/Users/ISABELLA/OneDrive/Documentos/NetBeansProjects/reproductor/src/reproductor/m8.java</file>
            <file>file:/C:/Users/ISABELLA/OneDrive/Documentos/NetBeansProjects/reproductor/src/reproductor/m5.java</file>
            <file>file:/C:/Users/ISABELLA/OneDrive/Documentos/NetBeansProjects/reproductor/src/reproductor/m1.java</file>
            <file>file:/C:/Users/ISABELLA/OneDrive/Documentos/NetBeansProjects/reproductor/src/reproductor/Reproductor.java</file>
            <file>file:/C:/Users/ISABELLA/OneDrive/Documentos/NetBeansProjects/reproductor/src/reproductor/m4.java</file>
            <file>file:/C:/Users/ISABELLA/OneDrive/Documentos/NetBeansProjects/reproductor/src/reproductor/m2.java</file>
            <file>file:/C:/Users/ISABELLA/OneDrive/Documentos/NetBeansProjects/reproductor/src/reproductor/m3.java</file>
            <file>file:/C:/Users/ISABELLA/OneDrive/Documentos/NetBeansProjects/reproductor/src/reproductor/m6.java</file>
            <file>file:/C:/Users/ISABELLA/OneDrive/Documentos/NetBeansProjects/reproductor/src/reproductor/m7.java</file>
        </group>
    </open-files>
</project-private>
